Sender_Name,Email,Receiver_Name,Designation,Company_Name,Address
John Smith,john.smith@example.com,Jane Doe,CEO,ABC Corporation,123 Main Street Cityville
Emily Johnson,emily.johnson@example.com,Michael Brown,CTO,XYZ Tech Solutions,456 Oak Avenue Townsville
David Williams,david.williams@example.com,Susan White,Marketing Manager,Global Innovations,789 Pine Road Villagetown
Amanda Lee,amanda.lee@example.com,Chris Anderson,Finance Director,Dynamic Enterprises,101 Maple Lane Suburbia
Alex Rodriguez,alex.rodriguez@example.com,Laura Garcia,HR Manager,Innovate Co.,202 Cedar Street Hamletville
Sophie Turner,sophie.turner@example.com,Charlie Miller,IT Specialist,Techno Solutions,303 Birch Boulevard Metropolis
Daniel Kim,daniel.kim@example.com,Grace Smith,Operations Manager,Future Trends Ltd.,404 Elm Drive Megacity
Eva Martinez,eva.martinez@example.com,Nathan Taylor,Sales Representative,Market Dynamics,505 Willow Court Uptown
Mark Davis,mark.davis@example.com,Olivia Turner,Research Analyst,Data Innovations,606 Rose Garden Downtown
Isabel Rodriguez,isabel.rodriguez@example.com,Benjamin Brown,Project Manager,Unified Systems,707 Sunflower Street Outskirts
Jake Miller,jake.miller@example.com,Lily Davis,Quality Assurance,Total Solutions Inc.,808 Daisy Lane Countryside
Emma White,emma.white@example.com,Christopher Taylor,Product Manager,Epic Innovations,909 Tulip Avenue Riverside
Mia Wilson,mia.wilson@example.com,Andrew Martinez,Support Specialist,Global Tech Services,1010 Poppy Lane Hillside
Ryan Johnson,ryan.johnson@example.com,Chloe Miller,Event Coordinator,Events Unlimited,1111 Magnolia Road Lakeside
Caleb Anderson,caleb.anderson@example.com,Sophia Wilson,Graphic Designer,Creative Designs,1212 Iris Street Mountainside
Zoe Taylor,zoe.taylor@example.com,Isaac Turner,Legal Counsel,Law Innovators,1313 Violet Boulevard Seaside
Ethan Brown,ethan.brown@example.com,Ava Rodriguez,Public Relations Manager,PR Pros,1414 Cherry Court Hometown
Lily Garcia,lily.garcia@example.com,Mason Lee,Supply Chain Coordinator,Logistics Solutions,1515 Heather Lane Suburbville
Oliver Turner,oliver.turner@example.com,Grace Davis,Executive Assistant,Corporate Services Ltd.,1616 Jasmine Avenue Cityside
Sophia Hernandez,sophia.hernandez@example.com,Leo Martinez,IT Director,Tech Innovations,1717 Pine Street Techville